{"good_samples": {"fid": [22.865264892578125, 34.875152587890625, 17.40728759765625, 9.776824951171875, 28.213592529296875, 34.094085693359375, 31.84027099609375, 42.340545654296875, 9.6248779296875, 29.18963623046875, 31.40142822265625], "fred": [29.29052734375, 55.646484375, 61.2470703125, 21.609130859375, 10.916015625, 44.27099609375, 58.735595703125, 48.9248046875, 82.7841796875, 10.2880859375, 46.755859375, 68.59912109375]}, "bad_samples": {"fid": [18.1243896484375, 18.042816162109375, 11.357696533203125, 9.419647216796875, 15.17578125, 15.976287841796875, 21.690887451171875, 9.418487548828125, 15.893280029296875, 16.298126220703125, 18.12786865234375, 21.86541748046875, 16.982696533203125, 19.663726806640625, 21.65301513671875, 20.507293701171875, 24.78277587890625, 20.2225341796875, 20.176727294921875, 18.049407958984375, 21.86798095703125, 16.71783447265625, 15.410125732421875, 19.507232666015625, 20.9637451171875, 20.178558349609375, 24.67486572265625, 15.296417236328125, 19.97528076171875, 20.3890380859375, 11.35211181640625, 16.986297607421875, 16.712493896484375, 7.486785888671875, 13.907318115234375, 16.1785888671875, 14.78253173828125, 20.6453857421875, 7.534912109375, 14.510223388671875, 14.8514404296875, 9.428497314453125, 15.561767578125, 15.410186767578125, 7.49114990234375, 12.256378173828125, 13.2733154296875, 19.685028076171875, 5.109588623046875, 12.78021240234375, 13.410125732421875, 15.179046630859375, 19.6724853515625, 19.501953125, 13.91131591796875, 12.262481689453125, 18.87274169921875, 17.958648681640625, 22.77471923828125, 12.261322021484375, 17.495697021484375, 17.79705810546875, 17.57501220703125, 21.6524658203125, 20.969451904296875, 16.17596435546875, 14.8468017578125, 18.87261962890625, 19.9273681640625, 24.475067138671875, 14.709808349609375, 19.57037353515625, 15.98199462890625, 20.509521484375, 20.176849365234375, 14.778594970703125, 13.273193359375, 17.96124267578125, 19.92779541015625, 23.553955078125, 13.3935546875, 18.79986572265625, 18.8931884765625, 21.68341064453125, 24.78668212890625, 24.67071533203125, 20.638153076171875, 19.692352294921875, 22.77392578125, 24.467803955078125, 23.55535888671875, 19.56793212890625, 23.41156005859375, 23.57177734375, 9.424346923828125, 15.484771728515625, 15.29193115234375, 7.5323486328125, 5.108062744140625, 12.261138916015625, 14.7135009765625, 13.391937255859375, 19.57177734375, 12.980438232421875, 13.314544677734375, 15.8951416015625, 20.22210693359375, 14.506927490234375, 12.77789306640625, 17.49169921875, 19.568603515625, 18.78765869140625, 23.40325927734375, 12.9715576171875, 18.238189697265625, 16.295501708984375, 20.17950439453125, 20.395477294921875, 14.85394287109375, 13.407958984375, 17.800537109375, 19.89959716796875, 18.89251708984375, 23.57464599609375, 13.311981201171875], "fred": [23.282470703125, 23.92333984375, 12.66552734375, 10.991943359375, 18.673828125, 21.8759765625, 28.269775390625, 12.6826171875, 21.6748046875, 20.628662109375, 23.2822265625, 29.4169921875, 21.27978515625, 23.4580078125, 29.70947265625, 28.17724609375, 34.45263671875, 27.809326171875, 27.1962890625, 23.923828125, 29.41357421875, 20.430908203125, 20.63916015625, 25.470947265625, 27.795654296875, 25.9091796875, 32.413818359375, 21.073486328125, 29.06005859375, 28.405517578125, 12.66455078125, 21.28173828125, 20.42626953125, 8.87353515625, 16.4833984375, 21.17724609375, 18.0732421875, 25.777099609375, 9.683837890625, 18.8583984375, 18.051025390625, 10.983154296875, 20.56494140625, 20.6396484375, 8.87060546875, 15.781982421875, 18.751708984375, 25.483154296875, 5.802978515625, 17.614990234375, 17.152099609375, 18.66943359375, 23.45263671875, 25.463623046875, 16.4833984375, 15.78515625, 23.9453125, 25.75537109375, 29.227294921875, 14.82861328125, 21.920166015625, 22.343505859375, 23.99658203125, 29.709716796875, 27.792724609375, 21.17333984375, 20.47802734375, 23.953369140625, 27.265625, 31.109375, 20.455078125, 26.6708984375, 21.8759765625, 28.177978515625, 25.8994140625, 18.073974609375, 18.7548828125, 25.755859375, 27.2578125, 32.38720703125, 20.485595703125, 25.3916015625, 25.877685546875, 28.27197265625, 34.4501953125, 32.41162109375, 25.79443359375, 25.49951171875, 29.227294921875, 31.1025390625, 32.39306640625, 25.193359375, 29.96630859375, 30.294921875, 12.684814453125, 19.646484375, 21.07421875, 9.693603515625, 5.810302734375, 14.81005859375, 20.453125, 20.478759765625, 25.198486328125, 18.05517578125, 16.70068359375, 21.66943359375, 27.814453125, 18.861083984375, 17.613037109375, 21.917724609375, 26.662109375, 25.40283203125, 29.96533203125, 18.05419921875, 25.938720703125, 20.629150390625, 27.19384765625, 28.400634765625, 18.05859375, 17.139892578125, 22.343994140625, 24.2314453125, 25.885986328125, 30.27880859375, 16.69580078125]}}